N(bp),count
-50,0
-49,0
-48,0
-47,0
-46,0
-45,0
-44,0
-43,0
-42,0
-41,0
-40,0
-39,0
-38,0
-37,0
-36,0
-35,0
-34,0
-33,1
-32,0
-31,0
-30,0
-29,1
-28,0
-27,0
-26,1049
-25,32
-24,24
-23,11
-22,0
-21,6
-20,1
-19,0
-18,0
-17,0
-16,0
-15,0
-14,0
-13,0
-12,0
-11,0
-10,0
-9,0
-8,1
-7,0
-6,0
-5,0
-4,0
-3,0
-2,0
-1,0
0,0
1,0
2,0
3,0
4,0
5,0
6,0
7,0
8,1
9,0
10,0
11,0
12,0
13,0
14,0
15,0
16,0
17,0
18,0
19,0
20,0
21,4
22,3
23,0
24,34
25,1
26,1081
27,0
28,0
29,0
30,0
31,0
32,0
33,0
34,0
35,1
36,0
37,0
38,0
39,0
40,1
41,0
42,0
43,0
44,0
45,0
46,0
47,0
48,0
49,0
50,0
